{
  "test_name": "Blind Orbital Anisotropy Test (BOAT)",
  "institution": "TSM2 Institute for Cosmology Ltd",
  "execution_time": "2026-02-19T10:47:28.014943+00:00",
  "mode": "synthetic",
  "manifest_constants": {
    "v_obs_km_s": 370.0,
    "cst_period_gyr": 284.0,
    "cog_x_ra_deg": 347.75,
    "cog_x_dec_deg": 66.0,
    "cmb_dipole_ra_deg": 167.7866,
    "cmb_dipole_dec_deg": -7.1454,
    "r_obs_mly": 55.783674792816086,
    "beta_obs": 0.0012341871522331626,
    "correlation_threshold": 0.01,
    "p_value_threshold": 0.01,
    "n_datasets": 5,
    "pass_required": 3,
    "n_decoy_axes": 10,
    "z_min": 0.01,
    "z_max": 0.5,
    "galactic_mask_deg": 10,
    "min_sample_size": 1000,
    "dataset_selection_seed": 20260219,
    "decoy_axes_seed": 20260219
  },
  "datasets_tested": 2,
  "n_pass": 0,
  "n_fail": 2,
  "pass_required": 3,
  "overall_verdict": "FAIL",
  "per_dataset_results": [
    {
      "dataset_name": "synthetic_uniform",
      "n_objects": 41349,
      "z_obs_mean": 0.2559868409614483,
      "z_model_range": [
        -0.00123335813785308,
        0.0012349399365736424
      ],
      "true_r": -0.010791207745373002,
      "true_p": 0.02821164599008288,
      "true_amplitude": -0.0025661905494258567,
      "true_rms": 0.14160336377727645,
      "true_dq_significant": [],
      "decoy_r_values": [
        0.0006629179778249265,
        -0.009098631754866927,
        -0.0070442966816852606,
        -0.010719572968468403,
        -0.004232935768377334,
        -0.0035742492731321352,
        -0.003189088623037998,
        -0.0092333501487067,
        -0.0019310686567345979,
        -0.0025322837303151974
      ],
      "decoy_p_values": [
        0.8927726247327964,
        0.06429345972638126,
        0.1520311801803307,
        0.029275011098029352,
        0.38939106815856434,
        0.46735803701112233,
        0.5166837314525768,
        0.060444866244544426,
        0.6945700611308336,
        0.6066149923191987
      ],
      "true_rank": 1,
      "total_axes": 11,
      "passes_r_threshold": "True",
      "passes_p_threshold": "False",
      "passes_rank": true,
      "VERDICT": "FAIL",
      "filter_stats": {
        "source": "synthetic_uniform",
        "n_raw": 50000,
        "n_after_coord_cut": 50000,
        "n_after_z_cut": 50000,
        "n_after_gal_cut": 41349,
        "n_after_dedup": 41349,
        "passes_min_size": true,
        "n_final": 41349
      },
      "dataset_hash": "d40befe928aab97f1abff5765a209a3fb011def047aa31c1440b0e051ca62eea"
    },
    {
      "dataset_name": "synthetic_dipole",
      "n_objects": 41228,
      "z_obs_mean": 0.2547367159849706,
      "z_model_range": [
        -0.001233346710195815,
        0.0012348997181612642
      ],
      "true_r": 0.0030281363602547135,
      "true_p": 0.5386629376908862,
      "true_amplitude": 0.00070998660072826,
      "true_rms": 0.1404505680649733,
      "true_dq_significant": [],
      "decoy_r_values": [
        -0.00017727446806215433,
        0.0028597732819896264,
        0.0020830626974944057,
        0.0030925866169400156,
        0.0014053179647943931,
        0.0008796175461973226,
        0.0009758784573423069,
        0.0026420003747382875,
        0.0002818074721653601,
        0.00045438707567200794
      ],
      "decoy_p_values": [
        0.9712872060873361,
        0.561475440202906,
        0.6723340512083501,
        0.5300548705079642,
        0.7753861259009436,
        0.8582532543992826,
        0.8429331590041087,
        0.5916583805306722,
        0.9543712453007261,
        0.9264922263022254
      ],
      "true_rank": 2,
      "total_axes": 11,
      "passes_r_threshold": "False",
      "passes_p_threshold": "False",
      "passes_rank": false,
      "VERDICT": "FAIL",
      "filter_stats": {
        "source": "synthetic_dipole",
        "n_raw": 50000,
        "n_after_coord_cut": 50000,
        "n_after_z_cut": 49895,
        "n_after_gal_cut": 41228,
        "n_after_dedup": 41228,
        "passes_min_size": true,
        "n_final": 41228
      },
      "dataset_hash": "0b82bcb42d1b240154254e7c975d9e4c7439dea883e159e16733504ef5505936"
    }
  ],
  "dataset_hashes": {
    "synthetic_uniform": "d40befe928aab97f1abff5765a209a3fb011def047aa31c1440b0e051ca62eea",
    "synthetic_dipole": "0b82bcb42d1b240154254e7c975d9e4c7439dea883e159e16733504ef5505936"
  }
}