{
  "test_name": "Blind Orbital Anisotropy Test (BOAT)",
  "institution": "TSM2 Institute for Cosmology Ltd",
  "execution_time": "2026-02-19T10:49:15.030549+00:00",
  "mode": "synthetic",
  "manifest_constants": {
    "v_obs_km_s": 370.0,
    "cst_period_gyr": 284.0,
    "cog_x_ra_deg": 347.75,
    "cog_x_dec_deg": 66.0,
    "cmb_dipole_ra_deg": 167.7866,
    "cmb_dipole_dec_deg": -7.1454,
    "r_obs_mly": 55.783674792816086,
    "beta_obs": 0.0012341871522331626,
    "correlation_threshold": 0.01,
    "p_value_threshold": 0.01,
    "n_datasets": 5,
    "pass_required": 3,
    "n_decoy_axes": 10,
    "z_min": 0.01,
    "z_max": 0.5,
    "galactic_mask_deg": 10,
    "min_sample_size": 1000,
    "dataset_selection_seed": 20260219,
    "decoy_axes_seed": 20260219
  },
  "datasets_tested": 2,
  "n_pass": 1,
  "n_fail": 1,
  "pass_required": 3,
  "overall_verdict": "FAIL",
  "per_dataset_results": [
    {
      "dataset_name": "synthetic_uniform",
      "n_objects": 41349,
      "z_obs_mean": 0.2559868409614483,
      "z_model_range": [
        -0.00123335813785308,
        0.0012349399365736424
      ],
      "true_r": -0.010791207745373002,
      "true_p": 0.02821164599008288,
      "true_amplitude": -0.0025661905494258567,
      "true_rms": 0.14160336377727645,
      "true_dq_significant": [],
      "decoy_r_values": [
        0.0006629179778249265,
        -0.009098631754866927,
        -0.0070442966816852606,
        -0.010719572968468403,
        -0.004232935768377334,
        -0.0035742492731321352,
        -0.003189088623037998,
        -0.0092333501487067,
        -0.0019310686567345979,
        -0.0025322837303151974
      ],
      "decoy_p_values": [
        0.8927726247327964,
        0.06429345972638126,
        0.1520311801803307,
        0.029275011098029352,
        0.38939106815856434,
        0.46735803701112233,
        0.5166837314525768,
        0.060444866244544426,
        0.6945700611308336,
        0.6066149923191987
      ],
      "true_rank": 1,
      "total_axes": 11,
      "passes_r_threshold": "True",
      "passes_p_threshold": "False",
      "passes_rank": true,
      "VERDICT": "FAIL",
      "filter_stats": {
        "source": "synthetic_uniform",
        "n_raw": 50000,
        "n_after_coord_cut": 50000,
        "n_after_z_cut": 50000,
        "n_after_gal_cut": 41349,
        "n_after_dedup": 41349,
        "passes_min_size": true,
        "n_final": 41349
      },
      "dataset_hash": "d40befe928aab97f1abff5765a209a3fb011def047aa31c1440b0e051ca62eea"
    },
    {
      "dataset_name": "synthetic_dipole",
      "n_objects": 41272,
      "z_obs_mean": 0.25604108144274274,
      "z_model_range": [
        -0.00123335813785308,
        0.0012349399365736424
      ],
      "true_r": -0.01337425420387679,
      "true_p": 0.006585922513694716,
      "true_amplitude": -0.0031755336203454533,
      "true_rms": 0.1413481408551717,
      "true_dq_significant": [
        "dipole"
      ],
      "decoy_r_values": [
        0.0008834724613437732,
        -0.010339428350189611,
        -0.008425169164171308,
        -0.013044239909796805,
        -0.0045999196103600915,
        -0.004813526806483618,
        -0.0037501630747591055,
        -0.011334546590537307,
        -0.0032142750549836387,
        -0.0039537231038724654
      ],
      "decoy_p_values": [
        0.8575635312229879,
        0.035684857993535594,
        0.0869713803586787,
        0.008048307376508412,
        0.3500595298638711,
        0.3281393022400958,
        0.44615287278488286,
        0.02129711816027556,
        0.513770254333959,
        0.42186037291251055
      ],
      "true_rank": 1,
      "total_axes": 11,
      "passes_r_threshold": "True",
      "passes_p_threshold": "True",
      "passes_rank": true,
      "VERDICT": "PASS",
      "filter_stats": {
        "source": "synthetic_dipole",
        "n_raw": 50000,
        "n_after_coord_cut": 50000,
        "n_after_z_cut": 49907,
        "n_after_gal_cut": 41272,
        "n_after_dedup": 41272,
        "passes_min_size": true,
        "n_final": 41272
      },
      "dataset_hash": "81304dd694fcebf9e6e66e92fad9e473537cc603c54ff9737bf7463ee95013d1"
    }
  ],
  "dataset_hashes": {
    "synthetic_uniform": "d40befe928aab97f1abff5765a209a3fb011def047aa31c1440b0e051ca62eea",
    "synthetic_dipole": "81304dd694fcebf9e6e66e92fad9e473537cc603c54ff9737bf7463ee95013d1"
  }
}